{
  "Nigeria": 1706.4224662029676,
  "Montenegro": 1528.4834763014217,
  "Francia": 1806.655714180621,
  "Cabo Verde": 1592.2150344205209,
  "Andorra": 1333.5529003090066,
  "Uganda": 1522.0261747556078,
  "Argentina": 1888.5542138887886,
  "Honduras": 1642.1970398808949,
  "Portugal": 1799.804996564569,
  "Serbia": 1715.884965579479,
  "Tanzania": 1405.372101100827,
  "Alemania": 1826.1331029689657,
  "Zimbabwe": 1443.4604664819406,
  "Mongolia": 1331.9903216044022,
  "Kosovo": 1468.6309739102715,
  "Turquía": 1688.4178689777048,
  "Guatemala": 1605.3199371213316,
  "India": 1559.3675326906616,
  "Paraguay": 1685.3750228203603,
  "Chile": 1682.082228937631,
  "Madagascar": 1379.5017241435653,
  "Senegal": 1729.6820236490198,
  "República Democrática del Congo": 1514.8743295714428,
  "Estados Unidos": 1749.992449805014,
  "Nicaragua": 1498.6249771796397,
  "Costa de Marfil": 1659.3689967378969,
  "República Checa": 1659.6691953959853,
  "Myanmar": 1370.729776224546,
  "Jamaica": 1651.2324673093385,
  "Inglaterra": 1819.0175320543397,
  "Costa Rica": 1690.0674257839637,
  "Hong Kong": 1412.0096783955978,
  "Mauritania": 1462.8684843479195,
  "Mozambique": 1412.781549499751,
  "Venezuela": 1648.4030122979323,
  "Guam": 1266.370223775454,
  "Bulgaria": 1569.5165236985783,
  "Austria": 1685.5781998277828,
  "Liechtenstein": 1300.282891627097,
  "Colombia": 1777.7150421616966,
  "Indonesia": 1467.8184505002491,
  "Liberia": 1281.3315156520805,
  "Ecuador": 1699.1636028147636
}