{
  "test_accuracy": 0.5746549560853199,
  "test_brier_score": 0.18096501375485316,
  "class_metrics": {
    "home_win": {
      "precision": 0.5973782771535581,
      "recall": 0.8529411764705882,
      "f1": 0.7026431718061674,
      "support": 1122
    },
    "draw": {
      "precision": 0.2222222222222222,
      "recall": 0.010526315789473684,
      "f1": 0.020100502512562814,
      "support": 570
    },
    "away_win": {
      "precision": 0.5393700787401575,
      "recall": 0.5879828326180258,
      "f1": 0.5626283367556468,
      "support": 699
    }
  },
  "baseline_comparison": {
    "always_home": 0.46925972396486826,
    "always_away": 0.29234629861982436,
    "random": 0.3709744876620661
  },
  "confusion_matrix": [
    [
      411,
      12,
      276
    ],
    [
      195,
      6,
      369
    ],
    [
      156,
      9,
      957
    ]
  ],
  "test_samples": 2391,
  "evaluation_date": "2026-05-24T00:32:06.578813"
}